{
  "controller/S001.controller.js": 1604973934000,
  "util/DataManager.js": 1605251248000,
  "manifest.json": 1605850918177,
  "model/models.js": 1604973848000,
  "controller/S002.controller.js": 1605767585000,
  "i18n/i18n.properties": 1604973944000,
  "serviceBinding.js": 1605080578000,
  "Component.js": 1605164168000,
  "manifest-bundle.zip": 1605850917883,
  "Component-preload.js": 1605850918116,
  "controller/S001-dbg.controller.js": 1604973934000,
  "model/models-dbg.js": 1604973848000,
  "controller/S002-dbg.controller.js": 1605767585000,
  "util/DataManager-dbg.js": 1605251248000,
  "serviceBinding-dbg.js": 1605080578000,
  "Component-dbg.js": 1605164168000,
  "resources.json": 1605850918180,
  "view/S002.view.xml": 1605581947000,
  "view/S001.view.xml": 1605003945000,
  "view/ProductNo.fragment.xml": 1604973966000,
  "view/CustomerNo.fragment.xml": 1604973966000,
  "css/style.css": 1604973848000,
  "index.html": 1605492721000
}