{
  "serviceBinding.js": 1605080578000,
  "model/models.js": 1604973848000,
  "util/DataManager.js": 1605251248000,
  "manifest.json": 1606718730913,
  "controller/S002.controller.js": 1606371520000,
  "controller/S001.controller.js": 1604973934000,
  "i18n/i18n.properties": 1604973944000,
  "Component.js": 1606455218000,
  "manifest-bundle.zip": 1606718730597,
  "Component-preload.js": 1606718730859,
  "controller/S001-dbg.controller.js": 1604973934000,
  "model/models-dbg.js": 1604973848000,
  "controller/S002-dbg.controller.js": 1606371520000,
  "util/DataManager-dbg.js": 1605251248000,
  "serviceBinding-dbg.js": 1605080578000,
  "Component-dbg.js": 1606455218000,
  "resources.json": 1606718730916,
  "view/S002.view.xml": 1606456375000,
  "view/S001.view.xml": 1605003945000,
  "view/ProductNo.fragment.xml": 1606295913000,
  "view/CustomerNo.fragment.xml": 1604973966000,
  "css/style.css": 1604973848000,
  "index.html": 1605492721000
}