{
  "controller/S003-dbg.controller.js": 1605686100000,
  "controller/S001.controller.js": 1604972856000,
  "util/Formatter.js": 1604972980000,
  "util/DataManager.js": 1605841933105,
  "model/models.js": 1604971871000,
  "controller/S003.controller.js": 1605686100000,
  "controller/S002.controller.js": 1605684845000,
  "manifest.json": 1605850911406,
  "serviceBinding.js": 1604974993000,
  "Component.js": 1605492373000,
  "manifest-bundle.zip": 1605850910935,
  "Component-preload.js": 1605850911309,
  "util/DataManager-dbg.js": 1605841933105,
  "util/Formatter-dbg.js": 1604972980000,
  "model/models-dbg.js": 1604971871000,
  "i18n/i18n.properties": 1604972887000,
  "controller/S002-dbg.controller.js": 1605684845000,
  "controller/S001-dbg.controller.js": 1604972856000,
  "serviceBinding-dbg.js": 1604974993000,
  "Component-dbg.js": 1605492373000,
  "resources.json": 1605850911409,
  "view/ViewSorting.fragment.xml": 1604972911000,
  "view/ViewSetting.fragment.xml": 1604972911000,
  "view/S003.view.xml": 1604972911000,
  "view/S002.view.xml": 1605598820000,
  "view/S001.view.xml": 1604972911000,
  "view/CloseConfirm.fragment.xml": 1604972911000,
  "css/style.css": 1604971871000,
  "index.html": 1604973403000
}