{
    "resources": [
        {
            "name": "view/OrderFilter.fragment.xml"
        },
        {
            "name": "controller/S002.controller.js"
        },
        {
            "name": "util/Formatter.js"
        },
        {
            "name": "util/DataManager.js"
        },
        {
            "name": "model/models.js"
        },
        {
            "name": "controller/S005.controller.js"
        },
        {
            "name": "controller/S004.controller.js"
        },
        {
            "name": "controller/S003.controller.js"
        },
        {
            "name": "manifest.json"
        },
        {
            "name": "controller/S001.controller.js"
        },
        {
            "name": "serviceBinding.js"
        },
        {
            "name": "Component.js"
        },
        {
            "name": "manifest-bundle.zip"
        },
        {
            "name": "Component-preload.js",
            "merged": true
        },
        {
            "name": "serviceBinding-dbg.js",
            "isDebug": true
        },
        {
            "name": "util/DataManager-dbg.js",
            "isDebug": true
        },
        {
            "name": "model/models-dbg.js",
            "isDebug": true
        },
        {
            "name": "controller/S005-dbg.controller.js",
            "isDebug": true
        },
        {
            "name": "controller/S004-dbg.controller.js",
            "isDebug": true
        },
        {
            "name": "controller/S003-dbg.controller.js",
            "isDebug": true
        },
        {
            "name": "controller/S002-dbg.controller.js",
            "isDebug": true
        },
        {
            "name": "controller/S001-dbg.controller.js",
            "isDebug": true
        },
        {
            "name": "util/Formatter-dbg.js",
            "isDebug": true
        },
        {
            "name": "Component-dbg.js",
            "isDebug": true
        },
        {
            "name": "../../sap-ui-version.json"
        },
        {
            "name": "view/S005.view.xml"
        },
        {
            "name": "view/S004.view.xml"
        },
        {
            "name": "view/S003.view.xml"
        },
        {
            "name": "view/S002.view.xml"
        },
        {
            "name": "view/S001.view.xml"
        },
        {
            "name": "view/RepairPersonHelp.fragment.xml"
        },
        {
            "name": "view/ProductNoHelp.fragment.xml"
        },
        {
            "name": "view/ProductInfoPhone.fragment.xml"
        },
        {
            "name": "view/ProductInfo.fragment.xml"
        },
        {
            "name": "view/OrderSorting.fragment.xml"
        },
        {
            "name": "view/OrderFilterPhone.fragment.xml"
        },
        {
            "name": "i18n/i18n.properties",
            "raw": "i18n/i18n.properties"
        },
        {
            "name": "view/MaintenanceSchPhone.fragment.xml"
        },
        {
            "name": "view/MaintenanceSch.fragment.xml"
        },
        {
            "name": "view/MaintenanceHisPhone.fragment.xml"
        },
        {
            "name": "view/MaintenanceHis.fragment.xml"
        },
        {
            "name": "view/CustomerNoHelp.fragment.xml"
        },
        {
            "name": "view/CustomerInfoPhone.fragment.xml"
        },
        {
            "name": "view/CustomerInfo.fragment.xml"
        },
        {
            "name": "view/CloseConfirm.fragment.xml"
        },
        {
            "name": "view/BusyDialog.fragment.xml"
        },
        {
            "name": "css/style.css"
        },
        {
            "name": "index.html"
        }
    ]
}