{
  "view/S002.view.xml": 1604973215000,
  "manifest.json": 1605858879061,
  "util/Formatter.js": 1604973200000,
  "util/DataManager.js": 1605843096805,
  "model/models.js": 1604972022000,
  "controller/S005.controller.js": 1604973170000,
  "controller/S004.controller.js": 1604973170000,
  "controller/S003.controller.js": 1604973170000,
  "controller/S002.controller.js": 1605850175650,
  "controller/S001.controller.js": 1604973170000,
  "serviceBinding.js": 1604975019000,
  "Component.js": 1605841861901,
  "manifest-bundle.zip": 1605858878172,
  "Component-preload.js": 1605858878918,
  "controller/S001-dbg.controller.js": 1604973170000,
  "util/DataManager-dbg.js": 1605843096805,
  "model/models-dbg.js": 1604972022000,
  "controller/S005-dbg.controller.js": 1604973170000,
  "controller/S004-dbg.controller.js": 1604973170000,
  "controller/S003-dbg.controller.js": 1604973170000,
  "controller/S002-dbg.controller.js": 1605850175650,
  "util/Formatter-dbg.js": 1604973200000,
  "serviceBinding-dbg.js": 1604975019000,
  "Component-dbg.js": 1605841861901,
  "resources.json": 1605858879066,
  "view/S005.view.xml": 1604973216000,
  "view/S004.view.xml": 1604973216000,
  "view/S003.view.xml": 1604973215000,
  "i18n/i18n.properties": 1604973184000,
  "view/S001.view.xml": 1604973215000,
  "view/RepairPersonHelp.fragment.xml": 1604973215000,
  "view/ProductNoHelp.fragment.xml": 1604973215000,
  "view/ProductInfoPhone.fragment.xml": 1604973215000,
  "view/ProductInfo.fragment.xml": 1604973215000,
  "view/OrderSorting.fragment.xml": 1604973215000,
  "view/OrderFilterPhone.fragment.xml": 1604973215000,
  "view/OrderFilter.fragment.xml": 1604973215000,
  "view/MaintenanceSchPhone.fragment.xml": 1604973215000,
  "view/MaintenanceSch.fragment.xml": 1604973215000,
  "view/MaintenanceHisPhone.fragment.xml": 1604973215000,
  "view/MaintenanceHis.fragment.xml": 1604973215000,
  "view/CustomerNoHelp.fragment.xml": 1604973215000,
  "view/CustomerInfoPhone.fragment.xml": 1604973215000,
  "view/CustomerInfo.fragment.xml": 1604973215000,
  "view/CloseConfirm.fragment.xml": 1604973215000,
  "view/BusyDialog.fragment.xml": 1604973215000,
  "css/style.css": 1604972022000,
  "index.html": 1604973361000
}