{
  "Component-preload.js": 1605858875197,
  "controller/S001.controller.js": 1604973043000,
  "manifest.json": 1605858875251,
  "model/models.js": 1604971950000,
  "controller/S002.controller.js": 1605837060096,
  "data/template.json": 1604973095000,
  "serviceBinding.js": 1604975006000,
  "Component.js": 1605766597000,
  "manifest-bundle.zip": 1605858874870,
  "i18n/i18n.properties": 1604973054000,
  "Component-dbg.js": 1605766597000,
  "controller/S002-dbg.controller.js": 1605837060096,
  "controller/S001-dbg.controller.js": 1604973043000,
  "serviceBinding-dbg.js": 1604975006000,
  "model/models-dbg.js": 1604971950000,
  "resources.json": 1605858875254,
  "view/S002.view.xml": 1605837133368,
  "view/S001.view.xml": 1605754952000,
  "data/Template.xlsx": 1604973095000,
  "css/ZCSS001.css": 1605756068000,
  "index.html": 1605693311000,
  "UI5RepositoryPathMapping.xml": 1604973027000
}