{
  "view/S001.view.xml": 1604972790000,
  "controller/S001.controller.js": 1604972674000,
  "util/Formatter.js": 1604972777000,
  "util/DataManager.js": 1605511324000,
  "model/models.js": 1604971741000,
  "controller/S002.controller.js": 1605607156000,
  "manifest.json": 1605850909189,
  "serviceBinding.js": 1604974982000,
  "Component.js": 1605166186000,
  "manifest-bundle.zip": 1605850908828,
  "Component-preload.js": 1605850909115,
  "controller/S002-dbg.controller.js": 1605607156000,
  "util/DataManager-dbg.js": 1605511324000,
  "model/models-dbg.js": 1604971741000,
  "util/Formatter-dbg.js": 1604972777000,
  "controller/S001-dbg.controller.js": 1604972674000,
  "serviceBinding-dbg.js": 1604974982000,
  "Component-dbg.js": 1605166186000,
  "resources.json": 1605850909192,
  "view/S002.view.xml": 1604972790000,
  "i18n/i18n.properties": 1604972683000,
  "view/CloseConfirm.fragment.xml": 1604972790000,
  "image/HT-6100-large.jpg": 1604972734000,
  "css/style.css": 1604971741000,
  "index.html": 1604973416000
}